Metric,Lasso Train,Lasso Test
MAE,48412.12936893296,48449.969847962464
MSE,5391038611.802991,5277038520.872557
RMSE,73423.69244190182,72643.22763253679
R²,0.9850710485647795,0.985560694996699
