Metric,Train,Test
MAE,71114.60982228712,71095.40057292179
MSE,14823034172.05198,14682711618.162874
RMSE,121749.88366340224,121172.23946994985
R²,0.9170452677072676,0.9177488121590192
