Feature,VIF
ActualSpeed,1.7207407007542188
NetWeight,1.250009556284282
SpeedChange,1.4346500675741687
MotorJoules,2.099838777331198
